,SAT,base,base2
0,0.341,0.414,0.487
1,0.364,0.449,0.513
2,0.354,0.436,0.502
3,0.323,0.433,0.501
4,0.352,0.432,0.505
5,0.353,0.437,0.507
6,0.357,0.44,0.512
7,0.337,0.429,0.499
8,0.346,0.439,0.507
9,0.347,0.434,0.508
10,0.339,0.435,0.504
11,0.353,0.443,0.517
12,0.34,0.422,0.492
13,0.354,0.436,0.5
14,0.359,0.438,0.507
15,0.35,0.424,0.5
16,0.326,0.406,0.473
17,0.355,0.455,0.518
18,0.348,0.444,0.505
19,0.37,0.44,0.507
20,0.354,0.449,0.519
21,0.358,0.437,0.491
22,0.369,0.448,0.518
23,0.364,0.454,0.511
24,0.352,0.43,0.502
25,0.345,0.439,0.51
26,0.341,0.434,0.506
27,0.352,0.454,0.511
28,0.342,0.435,0.508
29,0.346,0.43,0.498
30,0.349,0.439,0.511
31,0.357,0.446,0.515
32,0.347,0.435,0.503
33,0.346,0.432,0.506
34,0.347,0.437,0.505
35,0.346,0.435,0.505
36,0.342,0.425,0.502
37,0.351,0.447,0.512
38,0.341,0.434,0.504
39,0.339,0.429,0.5
40,0.35,0.441,0.51
41,0.356,0.44,0.506
42,0.358,0.441,0.504
43,0.365,0.449,0.514
44,0.355,0.445,0.519
45,0.348,0.437,0.511
46,0.339,0.433,0.502
47,0.333,0.431,0.499
48,0.356,0.439,0.507
49,0.339,0.431,0.503
50,0.353,0.451,0.52
51,0.336,0.425,0.494
52,0.321,0.425,0.492
53,0.339,0.438,0.51
54,0.354,0.457,0.515
55,0.341,0.432,0.504
56,0.336,0.434,0.507
57,0.35,0.431,0.506
58,0.353,0.439,0.512
59,0.339,0.437,0.506
60,0.352,0.434,0.503
61,0.342,0.437,0.508
62,0.355,0.445,0.51
63,0.336,0.423,0.491
64,0.342,0.439,0.507
65,0.36,0.451,0.522
66,0.343,0.442,0.514
67,0.325,0.405,0.477
68,0.354,0.452,0.516
69,0.351,0.431,0.508
70,0.33,0.429,0.501
71,0.346,0.44,0.508
72,0.346,0.443,0.516
73,0.349,0.452,0.513
74,0.346,0.433,0.505
75,0.339,0.438,0.51
76,0.356,0.449,0.505
77,0.341,0.435,0.504
78,0.356,0.439,0.507
79,0.364,0.444,0.505
80,0.328,0.428,0.496
81,0.343,0.434,0.508
82,0.366,0.456,0.514
83,0.352,0.433,0.505
84,0.349,0.434,0.504
85,0.347,0.44,0.511
86,0.334,0.422,0.492
87,0.344,0.44,0.512
88,0.346,0.431,0.501
89,0.365,0.445,0.517
90,0.361,0.441,0.507
91,0.351,0.439,0.51
92,0.357,0.437,0.507
93,0.36,0.448,0.515
94,0.341,0.427,0.497
95,0.373,0.455,0.516
96,0.351,0.431,0.499
97,0.357,0.45,0.516
98,0.35,0.442,0.509
99,0.331,0.422,0.496
100,0.341,0.433,0.508
101,0.339,0.436,0.502
102,0.345,0.435,0.512
103,0.334,0.433,0.503
104,0.353,0.435,0.505
105,0.357,0.434,0.506
106,0.342,0.433,0.498
107,0.356,0.439,0.509
108,0.346,0.444,0.513
109,0.334,0.425,0.495
110,0.34,0.436,0.51
111,0.347,0.436,0.509
112,0.337,0.434,0.503
113,0.356,0.439,0.504
114,0.352,0.443,0.519
115,0.349,0.43,0.504
116,0.349,0.44,0.506
117,0.339,0.431,0.502
118,0.332,0.421,0.492
119,0.338,0.43,0.498
120,0.344,0.428,0.5
121,0.362,0.449,0.503
122,0.349,0.437,0.512
123,0.36,0.455,0.507
124,0.344,0.425,0.496
125,0.338,0.431,0.498
126,0.355,0.431,0.502
127,0.337,0.432,0.504
128,0.34,0.44,0.513
129,0.335,0.427,0.497
130,0.347,0.43,0.5
131,0.353,0.443,0.517
132,0.347,0.44,0.512
133,0.349,0.438,0.507
134,0.341,0.428,0.499
135,0.332,0.429,0.503
136,0.355,0.439,0.508
137,0.339,0.42,0.49
138,0.339,0.435,0.506
139,0.341,0.429,0.502
140,0.363,0.452,0.501
141,0.338,0.429,0.497
142,0.348,0.433,0.502
143,0.34,0.438,0.51
144,0.348,0.438,0.506
145,0.351,0.439,0.499
146,0.344,0.444,0.518
147,0.363,0.443,0.507
148,0.335,0.426,0.491
149,0.347,0.427,0.504
150,0.344,0.432,0.501
151,0.351,0.449,0.517
152,0.355,0.439,0.507
153,0.348,0.441,0.5
154,0.362,0.449,0.506
155,0.359,0.45,0.504
156,0.334,0.422,0.495
157,0.365,0.456,0.499
158,0.362,0.438,0.511
159,0.361,0.437,0.51
160,0.336,0.432,0.507
161,0.354,0.443,0.501
162,0.342,0.435,0.504
163,0.347,0.44,0.505
164,0.341,0.436,0.506
165,0.333,0.431,0.503
166,0.342,0.43,0.497
167,0.348,0.424,0.497
168,0.352,0.438,0.507
169,0.335,0.419,0.491
170,0.34,0.431,0.504
171,0.341,0.446,0.515
172,0.371,0.451,0.508
173,0.371,0.461,0.514
174,0.34,0.424,0.494
175,0.343,0.428,0.496
176,0.365,0.458,0.508
177,0.348,0.434,0.505
178,0.322,0.412,0.484
179,0.356,0.441,0.505
180,0.335,0.426,0.496
181,0.355,0.44,0.507
182,0.331,0.421,0.491
183,0.35,0.437,0.504
184,0.366,0.439,0.509
185,0.337,0.432,0.501
186,0.361,0.456,0.512
187,0.343,0.435,0.506
188,0.346,0.437,0.508
189,0.367,0.454,0.498
190,0.357,0.442,0.505
191,0.342,0.424,0.493
192,0.34,0.421,0.494
193,0.342,0.432,0.501
194,0.313,0.417,0.492
195,0.366,0.458,0.515
196,0.335,0.421,0.494
197,0.364,0.453,0.504
198,0.353,0.435,0.501
199,0.347,0.437,0.507
200,0.345,0.44,0.513
201,0.379,0.451,0.501
202,0.341,0.432,0.503
203,0.363,0.454,0.511
204,0.353,0.442,0.508
205,0.341,0.436,0.505
206,0.346,0.438,0.511
207,0.357,0.437,0.51
208,0.36,0.446,0.517
209,0.351,0.429,0.501
210,0.358,0.45,0.51
211,0.35,0.438,0.506
212,0.361,0.447,0.507
213,0.359,0.451,0.508
214,0.36,0.447,0.504
215,0.341,0.431,0.504
216,0.348,0.435,0.505
217,0.359,0.436,0.502
218,0.352,0.438,0.506
219,0.354,0.452,0.513
220,0.368,0.457,0.507
221,0.341,0.436,0.507
222,0.36,0.45,0.512
223,0.361,0.449,0.504
224,0.348,0.438,0.508
225,0.355,0.441,0.505
226,0.343,0.437,0.504
227,0.353,0.443,0.501
228,0.337,0.42,0.496
229,0.344,0.434,0.507
230,0.343,0.442,0.509
231,0.354,0.432,0.499
232,0.344,0.434,0.506
233,0.35,0.439,0.511
234,0.344,0.437,0.507
235,0.367,0.451,0.518
236,0.341,0.423,0.493
237,0.356,0.44,0.508
238,0.344,0.441,0.514
239,0.348,0.444,0.511
240,0.359,0.45,0.499
241,0.362,0.448,0.515
242,0.354,0.442,0.51
243,0.36,0.444,0.503
244,0.354,0.437,0.508
245,0.343,0.441,0.508
246,0.34,0.442,0.513
247,0.35,0.449,0.505
248,0.362,0.446,0.51
249,0.359,0.439,0.505
250,0.359,0.447,0.504
251,0.339,0.426,0.492
252,0.37,0.447,0.509
253,0.335,0.432,0.499
254,0.347,0.433,0.501
255,0.356,0.437,0.504
256,0.34,0.419,0.493
257,0.347,0.436,0.507
258,0.34,0.425,0.497
259,0.338,0.428,0.496
260,0.342,0.438,0.508
261,0.351,0.444,0.511
262,0.344,0.436,0.505
263,0.346,0.439,0.507
264,0.352,0.445,0.517
265,0.353,0.438,0.51
266,0.349,0.438,0.51
267,0.358,0.446,0.517
268,0.344,0.424,0.489
269,0.339,0.422,0.491
270,0.33,0.42,0.487
271,0.346,0.426,0.499
272,0.35,0.444,0.513
273,0.361,0.444,0.512
274,0.344,0.426,0.499
275,0.361,0.455,0.513
276,0.346,0.448,0.514
277,0.339,0.437,0.507
278,0.348,0.441,0.515
279,0.339,0.429,0.5
280,0.345,0.439,0.51
281,0.353,0.439,0.512
282,0.337,0.428,0.497
283,0.337,0.432,0.502
284,0.342,0.434,0.506
285,0.361,0.439,0.507
286,0.339,0.434,0.499
287,0.353,0.434,0.508
288,0.34,0.424,0.49
289,0.343,0.425,0.499
290,0.346,0.442,0.508
291,0.361,0.453,0.503
292,0.342,0.427,0.5
293,0.357,0.454,0.515
294,0.353,0.448,0.515
295,0.35,0.43,0.502
296,0.353,0.447,0.516
297,0.338,0.426,0.495
298,0.342,0.441,0.512
299,0.37,0.465,0.508
300,0.34,0.425,0.495
301,0.353,0.445,0.512
302,0.364,0.445,0.515
303,0.333,0.421,0.489
304,0.357,0.444,0.51
305,0.341,0.439,0.509
306,0.344,0.434,0.504
307,0.34,0.434,0.509
308,0.359,0.439,0.513
309,0.325,0.431,0.498
310,0.337,0.422,0.494
311,0.349,0.433,0.503
312,0.337,0.43,0.498
313,0.346,0.443,0.518
314,0.34,0.43,0.503
315,0.348,0.435,0.513
316,0.347,0.423,0.494
317,0.343,0.437,0.508
318,0.348,0.448,0.514
319,0.354,0.439,0.509
320,0.34,0.439,0.509
321,0.341,0.427,0.494
322,0.349,0.438,0.507
323,0.353,0.45,0.509
324,0.351,0.44,0.512
325,0.337,0.431,0.502
326,0.358,0.453,0.519
327,0.351,0.445,0.516
328,0.339,0.422,0.491
329,0.352,0.435,0.508
330,0.348,0.429,0.497
331,0.369,0.447,0.496
332,0.342,0.431,0.505
333,0.343,0.431,0.502
334,0.343,0.43,0.501
335,0.352,0.438,0.508
336,0.334,0.432,0.5
337,0.346,0.439,0.51
338,0.344,0.444,0.515
339,0.369,0.452,0.51
340,0.336,0.435,0.506
341,0.357,0.449,0.516
342,0.344,0.424,0.494
343,0.344,0.433,0.503
344,0.35,0.431,0.503
345,0.354,0.439,0.512
346,0.337,0.436,0.504
347,0.351,0.439,0.51
348,0.344,0.437,0.51
349,0.353,0.441,0.512
350,0.355,0.436,0.508
351,0.354,0.436,0.505
352,0.354,0.446,0.513
353,0.364,0.451,0.51
354,0.34,0.441,0.513
355,0.354,0.437,0.503
356,0.349,0.44,0.511
357,0.347,0.436,0.507
358,0.362,0.44,0.512
359,0.339,0.434,0.496
360,0.352,0.441,0.506
361,0.354,0.446,0.511
362,0.362,0.446,0.507
363,0.354,0.431,0.506
364,0.352,0.427,0.497
365,0.341,0.427,0.5
366,0.339,0.432,0.501
367,0.364,0.445,0.507
368,0.363,0.454,0.513
369,0.352,0.45,0.516
370,0.345,0.442,0.513
371,0.337,0.427,0.501
372,0.355,0.439,0.498
373,0.342,0.434,0.506
374,0.348,0.444,0.514
375,0.346,0.439,0.512
376,0.36,0.452,0.515
377,0.331,0.419,0.488
378,0.344,0.447,0.516
379,0.343,0.437,0.507
380,0.35,0.441,0.513
381,0.353,0.443,0.516
382,0.351,0.432,0.505
383,0.364,0.447,0.507
384,0.351,0.437,0.502
385,0.359,0.448,0.507
386,0.36,0.457,0.507
387,0.352,0.439,0.505
388,0.346,0.42,0.492
389,0.338,0.42,0.492
390,0.345,0.441,0.508
391,0.37,0.456,0.508
392,0.36,0.445,0.504
393,0.356,0.438,0.505
394,0.354,0.434,0.507
395,0.333,0.437,0.504
396,0.341,0.431,0.5
397,0.341,0.422,0.498
398,0.343,0.441,0.514
399,0.351,0.445,0.503
400,0.343,0.432,0.503
401,0.343,0.432,0.501
402,0.34,0.434,0.505
403,0.351,0.437,0.507
404,0.359,0.426,0.499
405,0.356,0.449,0.512
406,0.348,0.436,0.508
407,0.361,0.449,0.505
408,0.351,0.438,0.51
409,0.356,0.438,0.508
410,0.345,0.442,0.509
411,0.33,0.432,0.503
412,0.351,0.439,0.511
413,0.349,0.442,0.506
414,0.369,0.457,0.515
415,0.341,0.431,0.5
416,0.349,0.441,0.517
417,0.349,0.437,0.503
418,0.344,0.445,0.518
419,0.345,0.439,0.508
420,0.332,0.422,0.495
421,0.359,0.448,0.511
422,0.348,0.432,0.503
423,0.345,0.432,0.503
424,0.344,0.428,0.499
425,0.369,0.443,0.495
426,0.351,0.429,0.499
427,0.343,0.435,0.505
428,0.355,0.447,0.511
429,0.345,0.431,0.501
430,0.351,0.437,0.505
431,0.354,0.444,0.511
432,0.357,0.441,0.506
433,0.357,0.45,0.507
434,0.328,0.418,0.486
435,0.363,0.451,0.504
436,0.362,0.447,0.511
437,0.352,0.441,0.512
438,0.343,0.431,0.503
439,0.345,0.446,0.513
440,0.361,0.456,0.515
441,0.326,0.435,0.506
442,0.347,0.436,0.508
443,0.349,0.443,0.51
444,0.352,0.455,0.508
445,0.35,0.437,0.508
446,0.348,0.427,0.498
447,0.358,0.44,0.502
448,0.356,0.422,0.497
449,0.327,0.427,0.494
450,0.361,0.441,0.51
451,0.355,0.439,0.509
452,0.351,0.441,0.514
453,0.336,0.428,0.506
454,0.363,0.461,0.517
455,0.356,0.442,0.513
456,0.349,0.439,0.513
457,0.344,0.438,0.508
458,0.338,0.431,0.501
459,0.342,0.433,0.503
460,0.35,0.439,0.512
461,0.343,0.436,0.508
462,0.356,0.44,0.511
463,0.344,0.442,0.501
464,0.334,0.431,0.5
465,0.355,0.44,0.503
466,0.348,0.434,0.505
467,0.34,0.44,0.508
468,0.339,0.42,0.491
469,0.355,0.441,0.51
470,0.335,0.432,0.503
471,0.343,0.429,0.499
472,0.352,0.445,0.511
473,0.352,0.447,0.51
474,0.345,0.439,0.512
475,0.342,0.434,0.505
476,0.355,0.439,0.509
477,0.364,0.454,0.515
478,0.364,0.441,0.511
479,0.347,0.443,0.516
480,0.341,0.42,0.494
481,0.357,0.439,0.507
482,0.353,0.435,0.51
483,0.348,0.437,0.51
484,0.355,0.435,0.504
485,0.347,0.432,0.503
486,0.363,0.446,0.51
487,0.353,0.431,0.502
488,0.332,0.425,0.494
489,0.342,0.43,0.501
490,0.349,0.429,0.506
491,0.355,0.439,0.507
492,0.341,0.43,0.501
493,0.347,0.432,0.505
494,0.351,0.443,0.512
495,0.341,0.433,0.505
496,0.352,0.433,0.504
497,0.344,0.428,0.499
498,0.373,0.456,0.508
499,0.35,0.445,0.504
500,0.343,0.438,0.506
501,0.339,0.413,0.486
502,0.344,0.437,0.509
503,0.352,0.437,0.511
504,0.344,0.434,0.497
505,0.334,0.427,0.502
506,0.347,0.442,0.513
507,0.363,0.438,0.491
508,0.356,0.438,0.504
509,0.369,0.453,0.514
510,0.342,0.431,0.502
511,0.35,0.447,0.513
512,0.342,0.429,0.498
513,0.341,0.42,0.49
514,0.36,0.447,0.508
515,0.353,0.431,0.507
516,0.351,0.445,0.511
517,0.35,0.432,0.507
518,0.356,0.43,0.5
519,0.338,0.437,0.508
520,0.36,0.448,0.511
521,0.353,0.436,0.509
522,0.333,0.423,0.493
523,0.342,0.439,0.505
524,0.345,0.435,0.509
525,0.358,0.439,0.507
526,0.349,0.433,0.503
527,0.351,0.437,0.508
528,0.344,0.433,0.508
529,0.323,0.421,0.492
530,0.342,0.432,0.502
531,0.352,0.446,0.521
532,0.318,0.42,0.49
533,0.349,0.436,0.506
534,0.352,0.438,0.508
535,0.357,0.445,0.512
536,0.332,0.427,0.501
537,0.365,0.458,0.508
538,0.35,0.445,0.499
539,0.34,0.424,0.498
540,0.353,0.443,0.516
541,0.352,0.437,0.508
542,0.374,0.461,0.514
543,0.34,0.439,0.507
544,0.352,0.438,0.513
545,0.329,0.422,0.49
546,0.344,0.433,0.501
547,0.355,0.448,0.517
548,0.352,0.431,0.502
549,0.346,0.433,0.503
550,0.35,0.439,0.509
551,0.359,0.446,0.501
552,0.349,0.44,0.512
553,0.35,0.44,0.509
554,0.357,0.447,0.495
555,0.356,0.43,0.505
556,0.33,0.426,0.495
557,0.338,0.432,0.504
558,0.346,0.437,0.511
559,0.35,0.446,0.513
560,0.35,0.441,0.513
561,0.355,0.439,0.508
562,0.355,0.425,0.496
563,0.36,0.448,0.51
564,0.337,0.437,0.504
565,0.357,0.446,0.514
566,0.346,0.43,0.497
567,0.341,0.418,0.49
568,0.335,0.429,0.5
569,0.355,0.446,0.516
570,0.327,0.431,0.5
571,0.351,0.433,0.506
572,0.347,0.435,0.507
573,0.351,0.437,0.505
574,0.344,0.434,0.499
575,0.352,0.442,0.514
576,0.355,0.453,0.518
577,0.356,0.435,0.506
578,0.337,0.433,0.504
579,0.361,0.448,0.51
580,0.351,0.434,0.506
581,0.351,0.444,0.511
582,0.333,0.424,0.496
583,0.345,0.446,0.509
584,0.352,0.435,0.502
585,0.328,0.418,0.492
586,0.346,0.446,0.503
587,0.346,0.437,0.511
588,0.344,0.433,0.508
589,0.341,0.437,0.509
590,0.341,0.422,0.489
591,0.355,0.437,0.502
592,0.351,0.436,0.507
593,0.355,0.435,0.503
594,0.355,0.431,0.501
595,0.35,0.421,0.498
596,0.35,0.439,0.509
597,0.348,0.443,0.512
598,0.357,0.451,0.522
599,0.342,0.42,0.487
600,0.36,0.447,0.507
601,0.348,0.441,0.504
602,0.356,0.453,0.511
603,0.362,0.438,0.502
604,0.334,0.433,0.502
605,0.336,0.434,0.508
606,0.333,0.418,0.487
607,0.351,0.442,0.509
608,0.352,0.436,0.511
609,0.343,0.434,0.504
610,0.349,0.437,0.509
611,0.365,0.44,0.5
612,0.346,0.44,0.507
613,0.342,0.433,0.5
614,0.349,0.433,0.509
615,0.352,0.435,0.494
616,0.328,0.421,0.494
617,0.36,0.451,0.506
618,0.362,0.448,0.505
619,0.361,0.446,0.515
620,0.348,0.44,0.509
621,0.356,0.435,0.506
622,0.353,0.442,0.516
623,0.349,0.435,0.504
624,0.362,0.453,0.524
625,0.339,0.428,0.503
626,0.356,0.443,0.507
627,0.336,0.434,0.508
628,0.335,0.427,0.495
629,0.351,0.438,0.51
630,0.345,0.434,0.505
631,0.329,0.421,0.492
632,0.333,0.439,0.507
633,0.345,0.435,0.506
634,0.348,0.449,0.514
635,0.359,0.421,0.496
636,0.341,0.433,0.501
637,0.358,0.444,0.516
638,0.348,0.434,0.508
639,0.348,0.45,0.513
640,0.337,0.43,0.501
641,0.348,0.431,0.506
642,0.338,0.427,0.493
643,0.351,0.437,0.507
644,0.342,0.423,0.491
645,0.337,0.426,0.496
646,0.347,0.449,0.508
647,0.342,0.443,0.513
648,0.378,0.456,0.503
649,0.351,0.443,0.514
650,0.351,0.435,0.509
651,0.353,0.441,0.511
652,0.339,0.434,0.5
653,0.359,0.44,0.511
654,0.35,0.435,0.503
655,0.343,0.432,0.501
656,0.349,0.443,0.512
657,0.356,0.454,0.511
658,0.353,0.432,0.505
659,0.345,0.438,0.51
660,0.33,0.428,0.498
661,0.352,0.444,0.514
662,0.341,0.424,0.495
663,0.342,0.424,0.496
664,0.339,0.435,0.51
665,0.34,0.422,0.491
666,0.366,0.463,0.513
667,0.345,0.434,0.502
668,0.348,0.446,0.518
669,0.347,0.436,0.505
670,0.352,0.435,0.498
671,0.34,0.423,0.493
672,0.364,0.452,0.508
673,0.354,0.435,0.5
674,0.344,0.43,0.499
675,0.337,0.437,0.509
676,0.348,0.458,0.527
677,0.338,0.423,0.496
678,0.336,0.433,0.502
679,0.341,0.432,0.506
680,0.351,0.444,0.512
681,0.34,0.431,0.507
682,0.353,0.434,0.504
683,0.334,0.426,0.496
684,0.355,0.447,0.506
685,0.362,0.455,0.505
686,0.33,0.422,0.49
687,0.35,0.436,0.51
688,0.355,0.441,0.515
689,0.348,0.436,0.505
690,0.343,0.441,0.513
691,0.354,0.441,0.507
692,0.334,0.433,0.499
693,0.353,0.445,0.512
694,0.343,0.432,0.5
695,0.372,0.46,0.509
696,0.363,0.442,0.506
697,0.347,0.43,0.508
698,0.353,0.432,0.505
699,0.363,0.451,0.516
700,0.357,0.444,0.519
701,0.351,0.43,0.493
702,0.341,0.428,0.501
703,0.356,0.444,0.515
704,0.368,0.447,0.509
705,0.356,0.449,0.519
706,0.35,0.425,0.497
707,0.354,0.441,0.51
708,0.35,0.435,0.504
709,0.345,0.434,0.508
710,0.345,0.433,0.502
711,0.356,0.441,0.511
712,0.34,0.431,0.502
713,0.349,0.44,0.511
714,0.349,0.43,0.5
715,0.348,0.442,0.509
716,0.348,0.447,0.517
717,0.339,0.433,0.5
718,0.363,0.448,0.508
719,0.338,0.428,0.5
720,0.352,0.437,0.505
721,0.344,0.433,0.502
722,0.358,0.434,0.508
723,0.347,0.44,0.51
724,0.354,0.437,0.497
725,0.347,0.434,0.504
726,0.343,0.44,0.501
727,0.349,0.434,0.504
728,0.342,0.435,0.502
729,0.334,0.437,0.512
730,0.351,0.445,0.508
731,0.342,0.437,0.506
732,0.332,0.438,0.508
733,0.352,0.443,0.51
734,0.35,0.432,0.505
735,0.348,0.437,0.51
736,0.351,0.444,0.513
737,0.35,0.443,0.52
738,0.337,0.429,0.5
739,0.353,0.43,0.502
740,0.353,0.426,0.499
741,0.339,0.439,0.512
742,0.35,0.443,0.509
743,0.349,0.438,0.509
744,0.36,0.453,0.523
745,0.353,0.452,0.513
746,0.34,0.428,0.499
747,0.366,0.446,0.508
748,0.338,0.423,0.493
749,0.341,0.426,0.498
750,0.378,0.463,0.514
751,0.357,0.445,0.513
752,0.347,0.435,0.513
753,0.328,0.428,0.5
754,0.339,0.44,0.508
755,0.352,0.44,0.504
756,0.354,0.431,0.502
757,0.35,0.448,0.507
758,0.34,0.428,0.5
759,0.348,0.444,0.517
760,0.351,0.436,0.503
761,0.373,0.447,0.512
762,0.356,0.45,0.508
763,0.339,0.431,0.503
764,0.336,0.432,0.501
765,0.343,0.423,0.496
766,0.364,0.462,0.51
767,0.334,0.434,0.501
768,0.349,0.442,0.501
769,0.346,0.434,0.503
770,0.358,0.453,0.506
771,0.359,0.434,0.5
772,0.329,0.426,0.501
773,0.364,0.441,0.514
774,0.357,0.45,0.514
775,0.34,0.437,0.506
776,0.364,0.46,0.513
777,0.341,0.422,0.494
778,0.334,0.424,0.492
779,0.34,0.434,0.499
780,0.369,0.442,0.507
781,0.342,0.419,0.491
782,0.368,0.454,0.504
783,0.348,0.43,0.498
784,0.35,0.432,0.504
785,0.343,0.437,0.503
786,0.37,0.451,0.502
787,0.335,0.433,0.503
788,0.353,0.44,0.508
789,0.341,0.436,0.511
790,0.334,0.427,0.496
791,0.337,0.433,0.504
792,0.345,0.436,0.507
793,0.353,0.444,0.502
794,0.336,0.421,0.491
795,0.35,0.441,0.498
796,0.344,0.436,0.509
797,0.334,0.427,0.498
798,0.343,0.429,0.499
799,0.343,0.434,0.506
800,0.341,0.437,0.509
801,0.355,0.434,0.508
802,0.379,0.459,0.503
803,0.343,0.434,0.506
804,0.348,0.442,0.513
805,0.359,0.447,0.514
806,0.341,0.441,0.511
807,0.333,0.425,0.496
808,0.348,0.429,0.498
809,0.362,0.443,0.507
810,0.347,0.436,0.508
811,0.341,0.436,0.504
812,0.327,0.422,0.492
813,0.344,0.453,0.517
814,0.345,0.428,0.499
815,0.316,0.418,0.484
816,0.341,0.428,0.503
817,0.355,0.445,0.517
818,0.355,0.438,0.505
819,0.362,0.452,0.511
820,0.342,0.438,0.504
821,0.349,0.43,0.501
822,0.347,0.436,0.509
823,0.324,0.423,0.493
824,0.352,0.438,0.514
825,0.351,0.439,0.502
826,0.371,0.451,0.506
827,0.352,0.44,0.504
828,0.336,0.42,0.497
829,0.357,0.437,0.5
830,0.36,0.45,0.505
831,0.357,0.451,0.523
832,0.358,0.457,0.517
833,0.362,0.441,0.517
834,0.356,0.44,0.509
835,0.336,0.421,0.491
836,0.354,0.443,0.512
837,0.358,0.448,0.518
838,0.354,0.434,0.506
839,0.356,0.443,0.507
840,0.344,0.425,0.495
841,0.338,0.424,0.495
842,0.33,0.435,0.506
843,0.343,0.43,0.498
844,0.347,0.434,0.508
845,0.338,0.443,0.515
846,0.355,0.441,0.501
847,0.332,0.432,0.5
848,0.357,0.44,0.507
849,0.353,0.446,0.513
850,0.362,0.444,0.509
851,0.351,0.443,0.509
852,0.349,0.454,0.512
853,0.362,0.44,0.51
854,0.353,0.436,0.501
855,0.336,0.43,0.496
856,0.354,0.444,0.511
857,0.342,0.448,0.517
858,0.327,0.423,0.494
859,0.35,0.441,0.507
860,0.353,0.436,0.508
861,0.337,0.424,0.493
862,0.355,0.439,0.507
863,0.342,0.432,0.503
864,0.331,0.42,0.491
865,0.349,0.438,0.508
866,0.349,0.442,0.516
867,0.342,0.446,0.508
868,0.367,0.46,0.523
869,0.346,0.431,0.497
870,0.34,0.432,0.506
871,0.365,0.46,0.505
872,0.335,0.421,0.494
873,0.352,0.442,0.511
874,0.341,0.429,0.502
875,0.353,0.433,0.503
876,0.35,0.436,0.507
877,0.377,0.465,0.512
878,0.365,0.452,0.517
879,0.345,0.439,0.506
880,0.351,0.433,0.502
881,0.344,0.442,0.513
882,0.375,0.463,0.507
883,0.363,0.444,0.503
884,0.342,0.427,0.498
885,0.35,0.439,0.509
886,0.36,0.443,0.514
887,0.34,0.424,0.493
888,0.355,0.438,0.501
889,0.345,0.428,0.495
890,0.349,0.439,0.503
891,0.342,0.429,0.501
892,0.354,0.432,0.499
893,0.35,0.447,0.517
894,0.363,0.453,0.514
895,0.354,0.435,0.504
896,0.351,0.432,0.502
897,0.341,0.44,0.508
898,0.345,0.437,0.506
899,0.343,0.432,0.499
900,0.324,0.411,0.482
901,0.34,0.426,0.498
902,0.375,0.456,0.507
903,0.345,0.444,0.509
904,0.347,0.44,0.51
905,0.342,0.428,0.498
906,0.344,0.446,0.516
907,0.346,0.444,0.511
908,0.336,0.418,0.486
909,0.355,0.449,0.52
910,0.348,0.455,0.524
911,0.343,0.434,0.505
912,0.348,0.43,0.498
913,0.348,0.435,0.508
914,0.345,0.424,0.494
915,0.358,0.442,0.512
916,0.34,0.427,0.497
917,0.352,0.441,0.502
918,0.352,0.437,0.507
919,0.349,0.433,0.504
920,0.336,0.429,0.497
921,0.363,0.445,0.512
922,0.356,0.45,0.514
923,0.348,0.439,0.508
924,0.343,0.428,0.501
925,0.346,0.439,0.51
926,0.345,0.424,0.491
927,0.353,0.448,0.51
928,0.34,0.438,0.506
929,0.365,0.442,0.506
930,0.351,0.427,0.501
931,0.341,0.426,0.492
932,0.337,0.415,0.484
933,0.338,0.429,0.5
934,0.348,0.444,0.514
935,0.334,0.43,0.499
936,0.357,0.45,0.517
937,0.351,0.443,0.508
938,0.348,0.433,0.498
939,0.35,0.449,0.514
940,0.345,0.446,0.517
941,0.344,0.426,0.494
942,0.368,0.45,0.501
943,0.339,0.435,0.502
944,0.361,0.459,0.518
945,0.345,0.444,0.513
946,0.357,0.44,0.51
947,0.333,0.421,0.487
948,0.354,0.452,0.514
949,0.327,0.427,0.496
950,0.34,0.43,0.5
951,0.353,0.444,0.494
952,0.356,0.448,0.508
953,0.352,0.445,0.514
954,0.339,0.428,0.498
955,0.35,0.438,0.496
956,0.348,0.445,0.51
957,0.363,0.455,0.515
958,0.364,0.445,0.512
959,0.343,0.437,0.512
960,0.354,0.44,0.507
961,0.356,0.446,0.503
962,0.356,0.448,0.513
963,0.357,0.438,0.5
964,0.337,0.434,0.507
965,0.345,0.433,0.504
966,0.349,0.436,0.506
967,0.351,0.431,0.501
968,0.346,0.435,0.504
969,0.372,0.444,0.491
970,0.349,0.447,0.517
971,0.356,0.439,0.51
972,0.343,0.434,0.501
973,0.356,0.449,0.51
974,0.344,0.423,0.495
975,0.362,0.447,0.518
976,0.338,0.42,0.491
977,0.359,0.453,0.507
978,0.369,0.461,0.51
979,0.337,0.422,0.498
980,0.343,0.436,0.505
981,0.344,0.438,0.507
982,0.358,0.44,0.519
983,0.364,0.433,0.505
984,0.351,0.441,0.509
985,0.332,0.426,0.492
986,0.337,0.421,0.494
987,0.342,0.438,0.512
988,0.366,0.446,0.506
989,0.349,0.433,0.501
990,0.35,0.436,0.507
991,0.355,0.451,0.516
992,0.35,0.442,0.511
993,0.333,0.425,0.496
994,0.35,0.448,0.507
995,0.35,0.437,0.51
996,0.352,0.44,0.514
997,0.336,0.431,0.505
998,0.342,0.44,0.515
999,0.357,0.435,0.498
