,SAT,SAT_bleu,SAT_Met,base3_bleu,base3_Met
0,0.341,0.325,0.146,0.343,0.167
1,0.364,0.323,0.147,0.34,0.165
2,0.354,0.343,0.155,0.348,0.17
3,0.323,0.339,0.152,0.343,0.172
4,0.352,0.306,0.142,0.342,0.159
5,0.353,0.323,0.147,0.34,0.163
6,0.357,0.318,0.145,0.336,0.163
7,0.337,0.328,0.149,0.334,0.163
8,0.346,0.325,0.148,0.338,0.164
9,0.347,0.323,0.146,0.346,0.166
10,0.339,0.327,0.148,0.349,0.167
11,0.353,0.351,0.155,0.338,0.169
12,0.34,0.314,0.144,0.348,0.166
13,0.354,0.336,0.151,0.345,0.168
14,0.359,0.323,0.146,0.337,0.162
15,0.35,0.322,0.145,0.339,0.161
16,0.326,0.329,0.147,0.339,0.165
17,0.355,0.332,0.15,0.347,0.166
18,0.348,0.327,0.149,0.348,0.169
19,0.37,0.339,0.153,0.342,0.172
20,0.354,0.334,0.15,0.347,0.173
21,0.358,0.319,0.146,0.342,0.161
22,0.369,0.323,0.145,0.345,0.165
23,0.364,0.307,0.14,0.343,0.162
24,0.352,0.338,0.153,0.344,0.169
25,0.345,0.324,0.149,0.347,0.163
26,0.341,0.338,0.151,0.338,0.168
27,0.352,0.333,0.151,0.338,0.165
28,0.342,0.315,0.144,0.339,0.162
29,0.346,0.335,0.153,0.343,0.168
30,0.349,0.327,0.149,0.34,0.162
31,0.357,0.348,0.155,0.34,0.173
32,0.347,0.324,0.146,0.344,0.164
33,0.346,0.331,0.148,0.345,0.167
34,0.347,0.323,0.147,0.346,0.161
35,0.346,0.353,0.156,0.343,0.172
36,0.342,0.331,0.15,0.337,0.163
37,0.351,0.338,0.152,0.346,0.17
38,0.341,0.331,0.15,0.339,0.166
39,0.339,0.35,0.159,0.338,0.171
40,0.35,0.327,0.151,0.346,0.168
41,0.356,0.335,0.152,0.344,0.17
42,0.358,0.328,0.146,0.335,0.163
43,0.365,0.324,0.148,0.35,0.169
44,0.355,0.328,0.148,0.349,0.169
45,0.348,0.328,0.15,0.348,0.169
46,0.339,0.328,0.149,0.34,0.167
47,0.333,0.333,0.149,0.344,0.163
48,0.356,0.329,0.149,0.345,0.166
49,0.339,0.328,0.146,0.343,0.169
50,0.353,0.318,0.145,0.344,0.163
51,0.336,0.327,0.149,0.345,0.168
52,0.321,0.34,0.153,0.349,0.172
53,0.339,0.32,0.146,0.348,0.166
54,0.354,0.335,0.149,0.338,0.168
55,0.341,0.34,0.154,0.34,0.168
56,0.336,0.324,0.146,0.335,0.164
57,0.35,0.334,0.15,0.343,0.17
58,0.353,0.343,0.154,0.34,0.168
59,0.339,0.315,0.146,0.348,0.163
60,0.352,0.334,0.15,0.343,0.172
61,0.342,0.318,0.144,0.337,0.16
62,0.355,0.322,0.146,0.347,0.167
63,0.336,0.35,0.156,0.343,0.169
64,0.342,0.325,0.148,0.341,0.162
65,0.36,0.32,0.146,0.347,0.166
66,0.343,0.347,0.155,0.335,0.167
67,0.325,0.315,0.143,0.341,0.161
68,0.354,0.327,0.146,0.339,0.165
69,0.351,0.328,0.146,0.341,0.166
70,0.33,0.339,0.154,0.345,0.166
71,0.346,0.339,0.153,0.338,0.166
72,0.346,0.335,0.152,0.342,0.167
73,0.349,0.328,0.146,0.343,0.166
74,0.346,0.33,0.15,0.342,0.169
75,0.339,0.334,0.151,0.343,0.164
76,0.356,0.327,0.149,0.343,0.166
77,0.341,0.326,0.147,0.344,0.163
78,0.356,0.326,0.149,0.343,0.165
79,0.364,0.319,0.145,0.341,0.165
80,0.328,0.328,0.15,0.348,0.168
81,0.343,0.343,0.153,0.337,0.165
82,0.366,0.336,0.15,0.346,0.167
83,0.352,0.331,0.149,0.342,0.166
84,0.349,0.337,0.151,0.338,0.166
85,0.347,0.305,0.141,0.348,0.161
86,0.334,0.337,0.153,0.347,0.168
87,0.344,0.337,0.153,0.339,0.166
88,0.346,0.335,0.151,0.333,0.171
89,0.365,0.322,0.147,0.344,0.164
90,0.361,0.315,0.146,0.341,0.165
91,0.351,0.338,0.152,0.342,0.172
92,0.357,0.336,0.152,0.346,0.167
93,0.36,0.331,0.149,0.348,0.169
94,0.341,0.335,0.153,0.345,0.169
95,0.373,0.347,0.155,0.34,0.171
96,0.351,0.336,0.151,0.345,0.168
97,0.357,0.338,0.154,0.345,0.167
98,0.35,0.334,0.151,0.344,0.169
99,0.331,0.331,0.151,0.342,0.171
100,0.341,0.342,0.153,0.343,0.172
101,0.339,0.322,0.148,0.343,0.166
102,0.345,0.331,0.149,0.348,0.168
103,0.334,0.318,0.146,0.348,0.164
104,0.353,0.344,0.156,0.34,0.165
105,0.357,0.321,0.148,0.342,0.166
106,0.342,0.332,0.149,0.342,0.166
107,0.356,0.325,0.148,0.339,0.164
108,0.346,0.333,0.152,0.34,0.168
109,0.334,0.324,0.146,0.344,0.167
110,0.34,0.324,0.145,0.342,0.166
111,0.347,0.35,0.156,0.344,0.171
112,0.337,0.329,0.147,0.345,0.169
113,0.356,0.323,0.148,0.341,0.166
114,0.352,0.321,0.147,0.348,0.167
115,0.349,0.32,0.145,0.339,0.162
116,0.349,0.323,0.147,0.336,0.164
117,0.339,0.323,0.146,0.346,0.163
118,0.332,0.345,0.157,0.345,0.176
119,0.338,0.327,0.148,0.338,0.163
120,0.344,0.321,0.146,0.345,0.164
121,0.362,0.336,0.15,0.342,0.165
122,0.349,0.315,0.146,0.335,0.163
123,0.36,0.324,0.148,0.338,0.163
124,0.344,0.338,0.151,0.334,0.165
125,0.338,0.326,0.149,0.341,0.163
126,0.355,0.329,0.151,0.343,0.167
127,0.337,0.325,0.146,0.339,0.163
128,0.34,0.327,0.149,0.341,0.165
129,0.335,0.327,0.148,0.336,0.166
130,0.347,0.32,0.143,0.335,0.161
131,0.353,0.353,0.16,0.342,0.172
132,0.347,0.33,0.149,0.345,0.168
133,0.349,0.331,0.151,0.343,0.17
134,0.341,0.33,0.151,0.346,0.169
135,0.332,0.334,0.149,0.337,0.165
136,0.355,0.322,0.145,0.352,0.168
137,0.339,0.343,0.153,0.333,0.167
138,0.339,0.333,0.148,0.343,0.167
139,0.341,0.336,0.15,0.343,0.164
140,0.363,0.317,0.146,0.339,0.161
141,0.338,0.32,0.149,0.353,0.169
142,0.348,0.327,0.147,0.338,0.161
143,0.34,0.341,0.153,0.339,0.168
144,0.348,0.335,0.15,0.339,0.164
145,0.351,0.355,0.157,0.34,0.174
146,0.344,0.32,0.145,0.34,0.162
147,0.363,0.331,0.15,0.347,0.169
148,0.335,0.34,0.156,0.345,0.168
149,0.347,0.345,0.155,0.343,0.168
150,0.344,0.332,0.148,0.335,0.166
151,0.351,0.338,0.152,0.343,0.168
152,0.355,0.319,0.145,0.342,0.161
153,0.348,0.321,0.145,0.345,0.164
154,0.362,0.348,0.156,0.346,0.173
155,0.359,0.312,0.144,0.35,0.166
156,0.334,0.344,0.154,0.332,0.166
157,0.365,0.326,0.147,0.346,0.163
158,0.362,0.335,0.151,0.344,0.168
159,0.361,0.332,0.15,0.336,0.163
160,0.336,0.306,0.141,0.341,0.159
161,0.354,0.314,0.145,0.342,0.166
162,0.342,0.327,0.147,0.339,0.166
163,0.347,0.324,0.145,0.338,0.165
164,0.341,0.332,0.15,0.343,0.168
165,0.333,0.325,0.15,0.346,0.166
166,0.342,0.339,0.152,0.346,0.169
167,0.348,0.32,0.146,0.349,0.17
168,0.352,0.33,0.149,0.347,0.167
169,0.335,0.328,0.147,0.342,0.162
170,0.34,0.334,0.149,0.342,0.167
171,0.341,0.325,0.148,0.342,0.162
172,0.371,0.315,0.143,0.351,0.165
173,0.371,0.345,0.153,0.334,0.165
174,0.34,0.331,0.15,0.34,0.164
175,0.343,0.344,0.155,0.333,0.168
176,0.365,0.334,0.15,0.341,0.17
177,0.348,0.331,0.151,0.348,0.169
178,0.322,0.337,0.154,0.343,0.17
179,0.356,0.34,0.151,0.341,0.17
180,0.335,0.348,0.156,0.34,0.171
181,0.355,0.332,0.15,0.342,0.169
182,0.331,0.311,0.143,0.336,0.161
183,0.35,0.316,0.144,0.342,0.167
184,0.366,0.324,0.147,0.343,0.171
185,0.337,0.338,0.151,0.336,0.168
186,0.361,0.32,0.144,0.344,0.166
187,0.343,0.331,0.149,0.351,0.17
188,0.346,0.326,0.148,0.342,0.167
189,0.367,0.332,0.15,0.341,0.167
190,0.357,0.325,0.148,0.335,0.161
191,0.342,0.333,0.151,0.335,0.165
192,0.34,0.326,0.149,0.338,0.16
193,0.342,0.332,0.148,0.341,0.165
194,0.313,0.321,0.148,0.342,0.164
195,0.366,0.338,0.153,0.341,0.167
196,0.335,0.328,0.148,0.34,0.167
197,0.364,0.332,0.15,0.338,0.164
198,0.353,0.335,0.152,0.343,0.17
199,0.347,0.334,0.151,0.336,0.164
200,0.345,0.324,0.147,0.34,0.164
201,0.379,0.332,0.15,0.342,0.168
202,0.341,0.333,0.149,0.339,0.166
203,0.363,0.334,0.15,0.344,0.167
204,0.353,0.327,0.15,0.344,0.17
205,0.341,0.326,0.148,0.345,0.166
206,0.346,0.337,0.153,0.34,0.167
207,0.357,0.322,0.148,0.346,0.162
208,0.36,0.327,0.146,0.33,0.162
209,0.351,0.332,0.152,0.338,0.162
210,0.358,0.328,0.149,0.348,0.169
211,0.35,0.34,0.151,0.337,0.165
212,0.361,0.329,0.148,0.339,0.166
213,0.359,0.331,0.148,0.339,0.167
214,0.36,0.326,0.145,0.344,0.17
215,0.341,0.332,0.15,0.344,0.171
216,0.348,0.327,0.149,0.336,0.169
217,0.359,0.323,0.148,0.348,0.163
218,0.352,0.335,0.15,0.341,0.167
219,0.354,0.315,0.143,0.339,0.16
220,0.368,0.35,0.155,0.338,0.167
221,0.341,0.338,0.152,0.341,0.17
222,0.36,0.34,0.153,0.337,0.166
223,0.361,0.337,0.152,0.349,0.171
224,0.348,0.316,0.147,0.347,0.161
225,0.355,0.317,0.144,0.341,0.162
226,0.343,0.304,0.141,0.35,0.161
227,0.353,0.334,0.15,0.346,0.171
228,0.337,0.35,0.157,0.339,0.176
229,0.344,0.32,0.145,0.344,0.165
230,0.343,0.321,0.143,0.337,0.166
231,0.354,0.318,0.144,0.343,0.164
232,0.344,0.34,0.152,0.339,0.166
233,0.35,0.331,0.148,0.341,0.167
234,0.344,0.322,0.146,0.342,0.164
235,0.367,0.327,0.15,0.344,0.168
236,0.341,0.351,0.159,0.347,0.173
237,0.356,0.337,0.155,0.35,0.169
238,0.344,0.342,0.153,0.337,0.166
239,0.348,0.32,0.146,0.348,0.167
240,0.359,0.332,0.15,0.334,0.164
241,0.362,0.321,0.145,0.342,0.167
242,0.354,0.321,0.146,0.346,0.166
243,0.36,0.338,0.151,0.346,0.169
244,0.354,0.355,0.158,0.336,0.172
245,0.343,0.322,0.148,0.344,0.165
246,0.34,0.315,0.143,0.341,0.162
247,0.35,0.327,0.151,0.342,0.163
248,0.362,0.334,0.15,0.339,0.165
249,0.359,0.321,0.147,0.333,0.156
250,0.359,0.337,0.151,0.335,0.167
251,0.339,0.333,0.15,0.333,0.164
252,0.37,0.329,0.149,0.346,0.168
253,0.335,0.322,0.146,0.332,0.161
254,0.347,0.333,0.153,0.349,0.171
255,0.356,0.333,0.152,0.338,0.166
256,0.34,0.345,0.156,0.34,0.169
257,0.347,0.327,0.149,0.345,0.165
258,0.34,0.329,0.152,0.349,0.173
259,0.338,0.328,0.146,0.337,0.163
260,0.342,0.318,0.146,0.344,0.166
261,0.351,0.329,0.148,0.342,0.165
262,0.344,0.333,0.149,0.339,0.166
263,0.346,0.308,0.141,0.354,0.169
264,0.352,0.335,0.152,0.345,0.167
265,0.353,0.325,0.146,0.341,0.167
266,0.349,0.316,0.144,0.342,0.164
267,0.358,0.341,0.155,0.343,0.169
268,0.344,0.327,0.148,0.344,0.169
269,0.339,0.333,0.152,0.349,0.167
270,0.33,0.34,0.153,0.34,0.169
271,0.346,0.343,0.152,0.333,0.165
272,0.35,0.341,0.154,0.342,0.17
273,0.361,0.336,0.149,0.339,0.17
274,0.344,0.322,0.146,0.335,0.159
275,0.361,0.34,0.154,0.339,0.167
276,0.346,0.336,0.152,0.344,0.17
277,0.339,0.323,0.147,0.345,0.165
278,0.348,0.324,0.147,0.337,0.162
279,0.339,0.35,0.157,0.341,0.171
280,0.345,0.322,0.148,0.345,0.167
281,0.353,0.322,0.147,0.344,0.166
282,0.337,0.331,0.149,0.347,0.167
283,0.337,0.332,0.148,0.345,0.171
284,0.342,0.308,0.142,0.346,0.163
285,0.361,0.33,0.149,0.344,0.165
286,0.339,0.339,0.151,0.334,0.164
287,0.353,0.342,0.154,0.338,0.171
288,0.34,0.328,0.146,0.342,0.166
289,0.343,0.345,0.155,0.341,0.171
290,0.346,0.334,0.152,0.336,0.164
291,0.361,0.318,0.145,0.343,0.164
292,0.342,0.34,0.151,0.344,0.172
293,0.357,0.338,0.152,0.345,0.17
294,0.353,0.332,0.15,0.338,0.17
295,0.35,0.334,0.153,0.347,0.172
296,0.353,0.315,0.144,0.34,0.162
297,0.338,0.342,0.153,0.332,0.164
298,0.342,0.335,0.149,0.339,0.165
299,0.37,0.328,0.149,0.342,0.168
300,0.34,0.334,0.153,0.347,0.168
301,0.353,0.343,0.153,0.338,0.168
302,0.364,0.335,0.152,0.341,0.163
303,0.333,0.328,0.15,0.343,0.164
304,0.357,0.336,0.154,0.345,0.169
305,0.341,0.324,0.15,0.354,0.168
306,0.344,0.355,0.156,0.341,0.172
307,0.34,0.341,0.154,0.352,0.173
308,0.359,0.334,0.146,0.347,0.168
309,0.325,0.33,0.146,0.339,0.164
310,0.337,0.332,0.149,0.348,0.171
311,0.349,0.34,0.154,0.348,0.169
312,0.337,0.325,0.148,0.343,0.165
313,0.346,0.34,0.155,0.347,0.173
314,0.34,0.325,0.148,0.352,0.168
315,0.348,0.325,0.148,0.34,0.163
316,0.347,0.333,0.15,0.339,0.168
317,0.343,0.344,0.155,0.336,0.167
318,0.348,0.329,0.148,0.34,0.164
319,0.354,0.316,0.144,0.342,0.162
320,0.34,0.32,0.146,0.334,0.159
321,0.341,0.341,0.154,0.349,0.17
322,0.349,0.328,0.149,0.338,0.165
323,0.353,0.318,0.145,0.35,0.166
324,0.351,0.335,0.15,0.34,0.166
325,0.337,0.338,0.155,0.345,0.167
326,0.358,0.325,0.148,0.342,0.167
327,0.351,0.322,0.149,0.354,0.17
328,0.339,0.322,0.149,0.346,0.164
329,0.352,0.345,0.155,0.346,0.178
330,0.348,0.338,0.15,0.338,0.168
331,0.369,0.333,0.151,0.347,0.169
332,0.342,0.336,0.153,0.343,0.169
333,0.343,0.318,0.145,0.342,0.164
334,0.343,0.342,0.153,0.339,0.169
335,0.352,0.342,0.153,0.339,0.169
336,0.334,0.327,0.151,0.342,0.164
337,0.346,0.344,0.152,0.334,0.168
338,0.344,0.332,0.151,0.342,0.169
339,0.369,0.337,0.152,0.343,0.166
340,0.336,0.321,0.145,0.345,0.167
341,0.357,0.325,0.146,0.34,0.167
342,0.344,0.341,0.152,0.346,0.171
343,0.344,0.332,0.152,0.354,0.17
344,0.35,0.328,0.149,0.346,0.17
345,0.354,0.323,0.148,0.344,0.167
346,0.337,0.32,0.143,0.336,0.162
347,0.351,0.339,0.155,0.338,0.171
348,0.344,0.317,0.145,0.334,0.159
349,0.353,0.313,0.145,0.34,0.161
350,0.355,0.325,0.148,0.337,0.163
351,0.354,0.318,0.144,0.341,0.162
352,0.354,0.317,0.147,0.35,0.164
353,0.364,0.346,0.153,0.345,0.175
354,0.34,0.317,0.147,0.345,0.165
355,0.354,0.329,0.149,0.342,0.168
356,0.349,0.319,0.146,0.347,0.163
357,0.347,0.352,0.156,0.343,0.173
358,0.362,0.342,0.153,0.343,0.167
359,0.339,0.337,0.153,0.337,0.171
360,0.352,0.351,0.158,0.345,0.176
361,0.354,0.318,0.145,0.348,0.164
362,0.362,0.337,0.153,0.339,0.168
363,0.354,0.31,0.144,0.347,0.167
364,0.352,0.325,0.146,0.343,0.167
365,0.341,0.329,0.15,0.345,0.166
366,0.339,0.33,0.15,0.341,0.163
367,0.364,0.33,0.148,0.343,0.171
368,0.363,0.338,0.152,0.348,0.169
369,0.352,0.336,0.152,0.343,0.17
370,0.345,0.334,0.153,0.344,0.168
371,0.337,0.33,0.149,0.334,0.164
372,0.355,0.319,0.147,0.338,0.164
373,0.342,0.345,0.156,0.341,0.17
374,0.348,0.317,0.144,0.336,0.162
375,0.346,0.336,0.153,0.349,0.168
376,0.36,0.333,0.151,0.34,0.165
377,0.331,0.336,0.153,0.346,0.17
378,0.344,0.324,0.147,0.339,0.161
379,0.343,0.337,0.153,0.345,0.166
380,0.35,0.334,0.149,0.346,0.17
381,0.353,0.322,0.147,0.343,0.162
382,0.351,0.336,0.149,0.339,0.168
383,0.364,0.352,0.157,0.333,0.168
384,0.351,0.322,0.146,0.348,0.163
385,0.359,0.333,0.154,0.349,0.17
386,0.36,0.34,0.153,0.343,0.167
387,0.352,0.336,0.151,0.343,0.167
388,0.346,0.327,0.148,0.337,0.161
389,0.338,0.324,0.146,0.343,0.163
390,0.345,0.328,0.149,0.337,0.165
391,0.37,0.329,0.147,0.334,0.164
392,0.36,0.32,0.148,0.343,0.163
393,0.356,0.336,0.152,0.341,0.167
394,0.354,0.322,0.147,0.343,0.163
395,0.333,0.347,0.153,0.345,0.173
396,0.341,0.327,0.151,0.347,0.165
397,0.341,0.332,0.148,0.338,0.164
398,0.343,0.329,0.149,0.338,0.165
399,0.351,0.332,0.151,0.34,0.165
400,0.343,0.329,0.148,0.336,0.162
401,0.343,0.33,0.153,0.352,0.169
402,0.34,0.323,0.148,0.335,0.161
403,0.351,0.327,0.148,0.338,0.166
404,0.359,0.324,0.147,0.337,0.163
405,0.356,0.331,0.151,0.337,0.165
406,0.348,0.34,0.15,0.334,0.166
407,0.361,0.333,0.152,0.348,0.172
408,0.351,0.323,0.145,0.333,0.16
409,0.356,0.336,0.15,0.334,0.165
410,0.345,0.332,0.151,0.341,0.165
411,0.33,0.332,0.151,0.341,0.167
412,0.351,0.334,0.15,0.338,0.167
413,0.349,0.321,0.146,0.338,0.159
414,0.369,0.34,0.152,0.336,0.165
415,0.341,0.333,0.151,0.34,0.162
416,0.349,0.323,0.147,0.339,0.165
417,0.349,0.338,0.152,0.334,0.164
418,0.344,0.325,0.148,0.343,0.164
419,0.345,0.322,0.146,0.333,0.164
420,0.332,0.342,0.154,0.341,0.169
421,0.359,0.331,0.151,0.343,0.166
422,0.348,0.344,0.154,0.344,0.168
423,0.345,0.331,0.151,0.343,0.164
424,0.344,0.339,0.153,0.345,0.168
425,0.369,0.325,0.146,0.342,0.162
426,0.351,0.319,0.145,0.344,0.164
427,0.343,0.336,0.152,0.342,0.164
428,0.355,0.34,0.151,0.337,0.171
429,0.345,0.322,0.148,0.345,0.168
430,0.351,0.323,0.148,0.347,0.167
431,0.354,0.33,0.148,0.339,0.166
432,0.357,0.338,0.151,0.343,0.168
433,0.357,0.342,0.152,0.34,0.168
434,0.328,0.331,0.151,0.339,0.166
435,0.363,0.341,0.156,0.351,0.17
436,0.362,0.327,0.148,0.34,0.163
437,0.352,0.343,0.155,0.349,0.171
438,0.343,0.328,0.149,0.347,0.166
439,0.345,0.338,0.149,0.337,0.172
440,0.361,0.326,0.15,0.337,0.165
441,0.326,0.329,0.15,0.344,0.17
442,0.347,0.338,0.154,0.346,0.17
443,0.349,0.328,0.149,0.34,0.163
444,0.352,0.339,0.152,0.338,0.169
445,0.35,0.326,0.15,0.345,0.166
446,0.348,0.324,0.147,0.348,0.166
447,0.358,0.335,0.15,0.343,0.166
448,0.356,0.314,0.148,0.348,0.167
449,0.327,0.329,0.15,0.342,0.166
450,0.361,0.335,0.152,0.339,0.165
451,0.355,0.336,0.153,0.34,0.17
452,0.351,0.332,0.15,0.354,0.173
453,0.336,0.332,0.148,0.342,0.164
454,0.363,0.335,0.148,0.341,0.167
455,0.356,0.327,0.149,0.344,0.168
456,0.349,0.316,0.145,0.346,0.168
457,0.344,0.309,0.139,0.348,0.162
458,0.338,0.331,0.149,0.347,0.167
459,0.342,0.338,0.155,0.353,0.172
460,0.35,0.321,0.146,0.337,0.16
461,0.343,0.335,0.152,0.341,0.165
462,0.356,0.335,0.151,0.341,0.162
463,0.344,0.323,0.144,0.344,0.161
464,0.334,0.33,0.151,0.343,0.166
465,0.355,0.324,0.146,0.339,0.164
466,0.348,0.334,0.149,0.338,0.166
467,0.34,0.331,0.15,0.34,0.167
468,0.339,0.324,0.15,0.347,0.163
469,0.355,0.338,0.152,0.344,0.169
470,0.335,0.315,0.143,0.341,0.162
471,0.343,0.332,0.153,0.348,0.167
472,0.352,0.317,0.145,0.342,0.165
473,0.352,0.335,0.153,0.343,0.167
474,0.345,0.318,0.146,0.345,0.166
475,0.342,0.314,0.142,0.339,0.161
476,0.355,0.332,0.15,0.339,0.163
477,0.364,0.341,0.152,0.338,0.163
478,0.364,0.313,0.143,0.348,0.164
479,0.347,0.322,0.146,0.348,0.166
480,0.341,0.338,0.152,0.345,0.169
481,0.357,0.34,0.153,0.346,0.169
482,0.353,0.329,0.153,0.348,0.171
483,0.348,0.345,0.153,0.338,0.169
484,0.355,0.313,0.142,0.335,0.164
485,0.347,0.323,0.146,0.344,0.167
486,0.363,0.334,0.151,0.345,0.168
487,0.353,0.333,0.15,0.345,0.168
488,0.332,0.329,0.147,0.345,0.169
489,0.342,0.312,0.145,0.338,0.161
490,0.349,0.314,0.144,0.347,0.16
491,0.355,0.329,0.148,0.337,0.164
492,0.341,0.325,0.149,0.345,0.167
493,0.347,0.339,0.153,0.342,0.166
494,0.351,0.352,0.158,0.349,0.175
495,0.341,0.333,0.151,0.351,0.169
496,0.352,0.338,0.151,0.337,0.17
497,0.344,0.345,0.154,0.349,0.174
498,0.373,0.317,0.143,0.341,0.162
499,0.35,0.328,0.15,0.345,0.172
500,0.343,0.324,0.145,0.346,0.167
501,0.339,0.319,0.145,0.347,0.168
502,0.344,0.325,0.15,0.344,0.168
503,0.352,0.327,0.15,0.346,0.169
504,0.344,0.334,0.149,0.339,0.167
505,0.334,0.319,0.143,0.335,0.164
506,0.347,0.315,0.14,0.343,0.162
507,0.363,0.336,0.152,0.343,0.168
508,0.356,0.326,0.148,0.341,0.168
509,0.369,0.323,0.144,0.344,0.165
510,0.342,0.334,0.151,0.344,0.169
511,0.35,0.33,0.15,0.346,0.165
512,0.342,0.325,0.146,0.339,0.163
513,0.341,0.31,0.143,0.341,0.164
514,0.36,0.327,0.148,0.341,0.168
515,0.353,0.324,0.149,0.348,0.165
516,0.351,0.34,0.154,0.352,0.169
517,0.35,0.358,0.16,0.339,0.171
518,0.356,0.313,0.143,0.337,0.163
519,0.338,0.315,0.143,0.343,0.164
520,0.36,0.322,0.145,0.338,0.163
521,0.353,0.321,0.147,0.342,0.164
522,0.333,0.323,0.149,0.345,0.167
523,0.342,0.328,0.147,0.334,0.164
524,0.345,0.358,0.157,0.343,0.174
525,0.358,0.336,0.153,0.345,0.165
526,0.349,0.337,0.155,0.341,0.167
527,0.351,0.33,0.148,0.342,0.168
528,0.344,0.342,0.154,0.34,0.17
529,0.323,0.336,0.153,0.336,0.162
530,0.342,0.339,0.151,0.339,0.168
531,0.352,0.325,0.147,0.335,0.159
532,0.318,0.331,0.151,0.342,0.165
533,0.349,0.349,0.155,0.345,0.172
534,0.352,0.338,0.15,0.334,0.164
535,0.357,0.33,0.149,0.344,0.165
536,0.332,0.338,0.152,0.351,0.169
537,0.365,0.311,0.145,0.349,0.164
538,0.35,0.322,0.146,0.346,0.169
539,0.34,0.333,0.153,0.341,0.167
540,0.353,0.336,0.151,0.343,0.166
541,0.352,0.326,0.146,0.342,0.164
542,0.374,0.329,0.148,0.343,0.167
543,0.34,0.354,0.159,0.344,0.173
544,0.352,0.32,0.145,0.341,0.161
545,0.329,0.338,0.154,0.343,0.166
546,0.344,0.33,0.15,0.348,0.169
547,0.355,0.355,0.159,0.341,0.173
548,0.352,0.327,0.149,0.346,0.166
549,0.346,0.317,0.144,0.343,0.163
550,0.35,0.33,0.145,0.335,0.167
551,0.359,0.331,0.15,0.349,0.174
552,0.349,0.331,0.15,0.35,0.166
553,0.35,0.32,0.147,0.345,0.17
554,0.357,0.321,0.147,0.337,0.162
555,0.356,0.327,0.147,0.337,0.165
556,0.33,0.326,0.151,0.346,0.167
557,0.338,0.328,0.147,0.341,0.164
558,0.346,0.336,0.15,0.337,0.169
559,0.35,0.322,0.15,0.347,0.165
560,0.35,0.32,0.145,0.344,0.167
561,0.355,0.313,0.145,0.348,0.166
562,0.355,0.333,0.148,0.342,0.167
563,0.36,0.317,0.143,0.346,0.166
564,0.337,0.327,0.151,0.34,0.163
565,0.357,0.329,0.149,0.347,0.168
566,0.346,0.318,0.145,0.345,0.166
567,0.341,0.328,0.146,0.336,0.165
568,0.335,0.325,0.148,0.346,0.167
569,0.355,0.327,0.149,0.34,0.165
570,0.327,0.336,0.15,0.342,0.168
571,0.351,0.331,0.151,0.346,0.164
572,0.347,0.338,0.151,0.345,0.168
573,0.351,0.321,0.146,0.346,0.167
574,0.344,0.33,0.149,0.336,0.162
575,0.352,0.327,0.151,0.346,0.167
576,0.355,0.343,0.153,0.341,0.172
577,0.356,0.315,0.148,0.348,0.165
578,0.337,0.325,0.148,0.344,0.166
579,0.361,0.325,0.146,0.338,0.167
580,0.351,0.33,0.151,0.343,0.165
581,0.351,0.335,0.15,0.347,0.171
582,0.333,0.337,0.151,0.339,0.166
583,0.345,0.334,0.15,0.34,0.168
584,0.352,0.333,0.151,0.348,0.167
585,0.328,0.333,0.149,0.342,0.165
586,0.346,0.331,0.151,0.343,0.168
587,0.346,0.319,0.144,0.342,0.167
588,0.344,0.318,0.147,0.346,0.164
589,0.341,0.343,0.153,0.34,0.168
590,0.341,0.325,0.148,0.349,0.168
591,0.355,0.34,0.151,0.341,0.169
592,0.351,0.339,0.151,0.334,0.165
593,0.355,0.329,0.147,0.343,0.164
594,0.355,0.328,0.148,0.343,0.163
595,0.35,0.343,0.154,0.346,0.175
596,0.35,0.322,0.146,0.344,0.165
597,0.348,0.338,0.154,0.356,0.17
598,0.357,0.343,0.157,0.349,0.172
599,0.342,0.323,0.148,0.344,0.166
600,0.36,0.327,0.147,0.338,0.163
601,0.348,0.318,0.146,0.344,0.166
602,0.356,0.336,0.15,0.34,0.17
603,0.362,0.33,0.151,0.356,0.168
604,0.334,0.321,0.146,0.342,0.163
605,0.336,0.332,0.151,0.342,0.169
606,0.333,0.331,0.15,0.34,0.165
607,0.351,0.327,0.147,0.339,0.165
608,0.352,0.334,0.148,0.342,0.166
609,0.343,0.327,0.147,0.344,0.165
610,0.349,0.318,0.146,0.344,0.164
611,0.365,0.326,0.151,0.339,0.168
612,0.346,0.33,0.151,0.352,0.171
613,0.342,0.335,0.154,0.346,0.169
614,0.349,0.314,0.143,0.353,0.167
615,0.352,0.332,0.151,0.347,0.168
616,0.328,0.328,0.15,0.345,0.164
617,0.36,0.33,0.151,0.343,0.17
618,0.362,0.33,0.151,0.341,0.165
619,0.361,0.329,0.149,0.342,0.167
620,0.348,0.324,0.148,0.335,0.163
621,0.356,0.352,0.159,0.347,0.175
622,0.353,0.331,0.152,0.339,0.163
623,0.349,0.325,0.145,0.34,0.163
624,0.362,0.322,0.147,0.34,0.165
625,0.339,0.343,0.155,0.339,0.164
626,0.356,0.332,0.15,0.341,0.165
627,0.336,0.325,0.148,0.345,0.166
628,0.335,0.331,0.148,0.334,0.163
629,0.351,0.342,0.154,0.347,0.173
630,0.345,0.349,0.155,0.336,0.169
631,0.329,0.336,0.153,0.345,0.17
632,0.333,0.344,0.153,0.339,0.167
633,0.345,0.333,0.15,0.337,0.162
634,0.348,0.332,0.149,0.336,0.164
635,0.359,0.315,0.145,0.344,0.164
636,0.341,0.337,0.153,0.346,0.169
637,0.358,0.335,0.153,0.352,0.17
638,0.348,0.34,0.154,0.341,0.168
639,0.348,0.338,0.152,0.335,0.164
640,0.337,0.333,0.151,0.338,0.164
641,0.348,0.314,0.144,0.344,0.162
642,0.338,0.339,0.152,0.343,0.169
643,0.351,0.334,0.149,0.335,0.166
644,0.342,0.343,0.155,0.345,0.172
645,0.337,0.316,0.147,0.347,0.161
646,0.347,0.318,0.143,0.335,0.162
647,0.342,0.336,0.153,0.343,0.167
648,0.378,0.331,0.15,0.344,0.168
649,0.351,0.341,0.153,0.34,0.168
650,0.351,0.348,0.155,0.349,0.174
651,0.353,0.326,0.148,0.348,0.168
652,0.339,0.336,0.15,0.339,0.169
653,0.359,0.319,0.144,0.341,0.162
654,0.35,0.32,0.148,0.347,0.165
655,0.343,0.322,0.149,0.342,0.163
656,0.349,0.321,0.146,0.343,0.164
657,0.356,0.335,0.153,0.344,0.168
658,0.353,0.33,0.149,0.346,0.169
659,0.345,0.321,0.146,0.342,0.167
660,0.33,0.344,0.153,0.347,0.175
661,0.352,0.325,0.148,0.346,0.169
662,0.341,0.326,0.147,0.344,0.167
663,0.342,0.339,0.15,0.335,0.166
664,0.339,0.333,0.15,0.332,0.162
665,0.34,0.326,0.147,0.343,0.168
666,0.366,0.347,0.154,0.348,0.17
667,0.345,0.329,0.148,0.333,0.162
668,0.348,0.328,0.15,0.339,0.168
669,0.347,0.341,0.155,0.348,0.172
670,0.352,0.331,0.152,0.342,0.169
671,0.34,0.328,0.149,0.334,0.165
672,0.364,0.327,0.148,0.342,0.167
673,0.354,0.337,0.152,0.335,0.166
674,0.344,0.315,0.146,0.344,0.161
675,0.337,0.331,0.15,0.343,0.167
676,0.348,0.329,0.149,0.34,0.166
677,0.338,0.319,0.148,0.34,0.163
678,0.336,0.323,0.148,0.341,0.163
679,0.341,0.322,0.147,0.337,0.162
680,0.351,0.331,0.151,0.341,0.167
681,0.34,0.332,0.15,0.339,0.167
682,0.353,0.34,0.15,0.336,0.166
683,0.334,0.331,0.15,0.351,0.169
684,0.355,0.327,0.148,0.344,0.167
685,0.362,0.327,0.147,0.334,0.16
686,0.33,0.334,0.152,0.337,0.162
687,0.35,0.336,0.149,0.341,0.169
688,0.355,0.333,0.15,0.335,0.164
689,0.348,0.325,0.147,0.334,0.166
690,0.343,0.332,0.153,0.345,0.169
691,0.354,0.329,0.148,0.349,0.17
692,0.334,0.325,0.146,0.345,0.17
693,0.353,0.326,0.148,0.342,0.167
694,0.343,0.325,0.148,0.339,0.162
695,0.372,0.316,0.144,0.342,0.162
696,0.363,0.329,0.148,0.333,0.161
697,0.347,0.338,0.153,0.346,0.171
698,0.353,0.323,0.146,0.351,0.164
699,0.363,0.319,0.146,0.35,0.163
700,0.357,0.324,0.148,0.337,0.162
701,0.351,0.328,0.146,0.336,0.162
702,0.341,0.333,0.151,0.344,0.165
703,0.356,0.322,0.146,0.339,0.164
704,0.368,0.32,0.147,0.341,0.162
705,0.356,0.331,0.149,0.335,0.163
706,0.35,0.337,0.152,0.344,0.166
707,0.354,0.324,0.147,0.34,0.164
708,0.35,0.325,0.147,0.341,0.165
709,0.345,0.314,0.145,0.346,0.166
710,0.345,0.327,0.147,0.346,0.168
711,0.356,0.324,0.149,0.337,0.164
712,0.34,0.344,0.154,0.338,0.167
713,0.349,0.329,0.149,0.342,0.167
714,0.349,0.335,0.147,0.336,0.166
715,0.348,0.329,0.15,0.344,0.165
716,0.348,0.318,0.148,0.337,0.162
717,0.339,0.335,0.15,0.339,0.164
718,0.363,0.328,0.146,0.341,0.165
719,0.338,0.331,0.148,0.341,0.165
720,0.352,0.321,0.147,0.341,0.163
721,0.344,0.323,0.147,0.341,0.164
722,0.358,0.329,0.148,0.345,0.168
723,0.347,0.316,0.145,0.341,0.161
724,0.354,0.333,0.151,0.339,0.163
725,0.347,0.323,0.147,0.348,0.169
726,0.343,0.332,0.149,0.341,0.164
727,0.349,0.331,0.152,0.341,0.166
728,0.342,0.338,0.148,0.333,0.165
729,0.334,0.326,0.147,0.347,0.17
730,0.351,0.341,0.154,0.341,0.167
731,0.342,0.323,0.145,0.346,0.165
732,0.332,0.344,0.154,0.345,0.173
733,0.352,0.341,0.154,0.342,0.17
734,0.35,0.328,0.149,0.347,0.168
735,0.348,0.344,0.153,0.346,0.173
736,0.351,0.326,0.147,0.345,0.17
737,0.35,0.326,0.146,0.342,0.163
738,0.337,0.333,0.152,0.351,0.168
739,0.353,0.339,0.156,0.342,0.17
740,0.353,0.326,0.145,0.344,0.166
741,0.339,0.336,0.149,0.335,0.162
742,0.35,0.332,0.148,0.345,0.17
743,0.349,0.323,0.148,0.35,0.169
744,0.36,0.337,0.153,0.345,0.169
745,0.353,0.326,0.148,0.349,0.167
746,0.34,0.343,0.154,0.339,0.165
747,0.366,0.316,0.143,0.348,0.169
748,0.338,0.335,0.151,0.34,0.165
749,0.341,0.341,0.154,0.351,0.173
750,0.378,0.339,0.153,0.35,0.169
751,0.357,0.333,0.151,0.344,0.166
752,0.347,0.328,0.151,0.346,0.168
753,0.328,0.323,0.148,0.345,0.165
754,0.339,0.336,0.151,0.342,0.169
755,0.352,0.322,0.147,0.343,0.162
756,0.354,0.32,0.147,0.341,0.164
757,0.35,0.331,0.15,0.337,0.165
758,0.34,0.342,0.154,0.346,0.169
759,0.348,0.308,0.142,0.344,0.161
760,0.351,0.346,0.153,0.343,0.171
761,0.373,0.319,0.143,0.349,0.169
762,0.356,0.323,0.148,0.35,0.169
763,0.339,0.317,0.147,0.341,0.159
764,0.336,0.347,0.155,0.348,0.172
765,0.343,0.322,0.146,0.343,0.165
766,0.364,0.327,0.149,0.347,0.167
767,0.334,0.327,0.148,0.339,0.166
768,0.349,0.343,0.156,0.341,0.171
769,0.346,0.314,0.144,0.345,0.166
770,0.358,0.326,0.147,0.346,0.165
771,0.359,0.318,0.146,0.347,0.161
772,0.329,0.325,0.147,0.352,0.165
773,0.364,0.33,0.147,0.338,0.164
774,0.357,0.332,0.151,0.342,0.162
775,0.34,0.341,0.15,0.333,0.164
776,0.364,0.331,0.15,0.338,0.167
777,0.341,0.331,0.148,0.346,0.17
778,0.334,0.332,0.15,0.339,0.163
779,0.34,0.34,0.153,0.338,0.166
780,0.369,0.326,0.147,0.336,0.163
781,0.342,0.338,0.154,0.341,0.167
782,0.368,0.336,0.151,0.338,0.168
783,0.348,0.337,0.151,0.35,0.171
784,0.35,0.32,0.146,0.346,0.164
785,0.343,0.327,0.148,0.342,0.17
786,0.37,0.328,0.15,0.353,0.168
787,0.335,0.338,0.149,0.333,0.165
788,0.353,0.316,0.145,0.35,0.165
789,0.341,0.317,0.145,0.345,0.162
790,0.334,0.324,0.149,0.35,0.169
791,0.337,0.321,0.146,0.343,0.161
792,0.345,0.327,0.15,0.342,0.164
793,0.353,0.335,0.151,0.346,0.167
794,0.336,0.341,0.154,0.345,0.168
795,0.35,0.322,0.145,0.336,0.165
796,0.344,0.317,0.142,0.344,0.166
797,0.334,0.342,0.152,0.341,0.169
798,0.343,0.325,0.148,0.341,0.166
799,0.343,0.332,0.149,0.334,0.165
800,0.341,0.335,0.15,0.336,0.164
801,0.355,0.328,0.147,0.345,0.167
802,0.379,0.329,0.149,0.345,0.167
803,0.343,0.343,0.152,0.336,0.166
804,0.348,0.327,0.147,0.336,0.164
805,0.359,0.332,0.152,0.348,0.172
806,0.341,0.318,0.15,0.344,0.165
807,0.333,0.326,0.147,0.34,0.17
808,0.348,0.326,0.148,0.344,0.164
809,0.362,0.326,0.147,0.337,0.163
810,0.347,0.338,0.151,0.34,0.167
811,0.341,0.321,0.145,0.343,0.163
812,0.327,0.331,0.151,0.338,0.168
813,0.344,0.323,0.148,0.341,0.164
814,0.345,0.33,0.147,0.336,0.165
815,0.316,0.352,0.156,0.342,0.173
816,0.341,0.326,0.149,0.348,0.166
817,0.355,0.317,0.144,0.34,0.161
818,0.355,0.321,0.146,0.345,0.165
819,0.362,0.32,0.147,0.349,0.166
820,0.342,0.329,0.149,0.339,0.165
821,0.349,0.316,0.146,0.346,0.164
822,0.347,0.33,0.15,0.35,0.17
823,0.324,0.35,0.157,0.338,0.169
824,0.352,0.342,0.155,0.342,0.168
825,0.351,0.326,0.148,0.346,0.166
826,0.371,0.329,0.147,0.343,0.165
827,0.352,0.331,0.148,0.342,0.165
828,0.336,0.332,0.15,0.342,0.164
829,0.357,0.323,0.148,0.337,0.159
830,0.36,0.329,0.148,0.341,0.165
831,0.357,0.333,0.152,0.347,0.164
832,0.358,0.339,0.152,0.348,0.171
833,0.362,0.34,0.15,0.34,0.165
834,0.356,0.342,0.155,0.338,0.169
835,0.336,0.333,0.15,0.335,0.165
836,0.354,0.331,0.15,0.34,0.167
837,0.358,0.345,0.154,0.344,0.169
838,0.354,0.325,0.148,0.343,0.165
839,0.356,0.316,0.147,0.351,0.164
840,0.344,0.328,0.149,0.347,0.171
841,0.338,0.336,0.152,0.338,0.167
842,0.33,0.326,0.149,0.343,0.165
843,0.343,0.343,0.155,0.347,0.174
844,0.347,0.341,0.155,0.348,0.171
845,0.338,0.335,0.149,0.336,0.163
846,0.355,0.32,0.144,0.34,0.166
847,0.332,0.327,0.148,0.344,0.167
848,0.357,0.338,0.152,0.345,0.17
849,0.353,0.321,0.145,0.342,0.162
850,0.362,0.341,0.155,0.341,0.17
851,0.351,0.325,0.147,0.346,0.169
852,0.349,0.316,0.146,0.347,0.164
853,0.362,0.33,0.151,0.341,0.165
854,0.353,0.337,0.152,0.335,0.163
855,0.336,0.35,0.157,0.335,0.169
856,0.354,0.341,0.152,0.338,0.167
857,0.342,0.336,0.149,0.345,0.166
858,0.327,0.332,0.152,0.341,0.168
859,0.35,0.324,0.147,0.343,0.166
860,0.353,0.334,0.15,0.343,0.169
861,0.337,0.342,0.153,0.344,0.17
862,0.355,0.324,0.149,0.341,0.161
863,0.342,0.333,0.15,0.341,0.162
864,0.331,0.32,0.145,0.34,0.166
865,0.349,0.317,0.145,0.345,0.167
866,0.349,0.336,0.151,0.337,0.169
867,0.342,0.33,0.149,0.347,0.172
868,0.367,0.332,0.152,0.354,0.168
869,0.346,0.337,0.153,0.342,0.168
870,0.34,0.347,0.156,0.34,0.173
871,0.365,0.345,0.155,0.346,0.172
872,0.335,0.335,0.15,0.342,0.171
873,0.352,0.329,0.148,0.335,0.163
874,0.341,0.339,0.153,0.339,0.17
875,0.353,0.326,0.15,0.332,0.16
876,0.35,0.342,0.155,0.339,0.167
877,0.377,0.33,0.147,0.343,0.166
878,0.365,0.317,0.144,0.34,0.163
879,0.345,0.339,0.152,0.349,0.172
880,0.351,0.328,0.147,0.343,0.163
881,0.344,0.331,0.152,0.345,0.168
882,0.375,0.335,0.15,0.345,0.17
883,0.363,0.34,0.151,0.334,0.165
884,0.342,0.343,0.153,0.343,0.167
885,0.35,0.336,0.152,0.347,0.168
886,0.36,0.331,0.15,0.338,0.164
887,0.34,0.327,0.149,0.349,0.168
888,0.355,0.33,0.148,0.343,0.168
889,0.345,0.331,0.152,0.349,0.166
890,0.349,0.319,0.145,0.34,0.162
891,0.342,0.334,0.148,0.344,0.167
892,0.354,0.334,0.15,0.348,0.169
893,0.35,0.33,0.147,0.342,0.163
894,0.363,0.334,0.152,0.346,0.169
895,0.354,0.318,0.144,0.34,0.162
896,0.351,0.342,0.154,0.342,0.169
897,0.341,0.336,0.15,0.344,0.168
898,0.345,0.333,0.153,0.339,0.166
899,0.343,0.315,0.143,0.34,0.161
900,0.324,0.331,0.152,0.343,0.169
901,0.34,0.353,0.157,0.342,0.175
902,0.375,0.346,0.155,0.342,0.168
903,0.345,0.34,0.15,0.336,0.166
904,0.347,0.32,0.146,0.348,0.169
905,0.342,0.337,0.15,0.342,0.164
906,0.344,0.323,0.145,0.34,0.163
907,0.346,0.331,0.146,0.341,0.168
908,0.336,0.329,0.147,0.344,0.169
909,0.355,0.343,0.154,0.349,0.175
910,0.348,0.334,0.151,0.345,0.17
911,0.343,0.316,0.145,0.345,0.165
912,0.348,0.331,0.151,0.344,0.168
913,0.348,0.323,0.15,0.347,0.166
914,0.345,0.329,0.151,0.342,0.165
915,0.358,0.326,0.148,0.352,0.163
916,0.34,0.338,0.151,0.337,0.164
917,0.352,0.337,0.152,0.344,0.172
918,0.352,0.321,0.146,0.346,0.166
919,0.349,0.317,0.145,0.341,0.162
920,0.336,0.349,0.153,0.335,0.167
921,0.363,0.321,0.148,0.348,0.164
922,0.356,0.325,0.146,0.342,0.167
923,0.348,0.336,0.15,0.344,0.167
924,0.343,0.334,0.153,0.346,0.168
925,0.346,0.316,0.146,0.345,0.162
926,0.345,0.325,0.147,0.351,0.168
927,0.353,0.329,0.151,0.342,0.164
928,0.34,0.325,0.148,0.341,0.165
929,0.365,0.319,0.143,0.33,0.159
930,0.351,0.332,0.15,0.339,0.166
931,0.341,0.319,0.144,0.349,0.168
932,0.337,0.323,0.144,0.338,0.162
933,0.338,0.329,0.149,0.347,0.165
934,0.348,0.323,0.145,0.342,0.162
935,0.334,0.317,0.144,0.347,0.162
936,0.357,0.335,0.15,0.34,0.165
937,0.351,0.328,0.147,0.347,0.164
938,0.348,0.347,0.154,0.341,0.17
939,0.35,0.324,0.148,0.347,0.165
940,0.345,0.334,0.151,0.343,0.166
941,0.344,0.34,0.152,0.343,0.168
942,0.368,0.333,0.15,0.34,0.167
943,0.339,0.323,0.148,0.335,0.166
944,0.361,0.335,0.151,0.343,0.168
945,0.345,0.316,0.145,0.348,0.164
946,0.357,0.337,0.152,0.339,0.168
947,0.333,0.33,0.15,0.348,0.17
948,0.354,0.331,0.151,0.347,0.171
949,0.327,0.319,0.148,0.347,0.163
950,0.34,0.333,0.151,0.342,0.165
951,0.353,0.332,0.151,0.347,0.168
952,0.356,0.327,0.144,0.343,0.165
953,0.352,0.338,0.151,0.342,0.173
954,0.339,0.337,0.15,0.34,0.171
955,0.35,0.342,0.153,0.342,0.167
956,0.348,0.333,0.151,0.339,0.166
957,0.363,0.325,0.145,0.336,0.161
958,0.364,0.335,0.15,0.349,0.168
959,0.343,0.335,0.15,0.343,0.163
960,0.354,0.329,0.152,0.349,0.169
961,0.356,0.328,0.15,0.349,0.165
962,0.356,0.329,0.148,0.337,0.167
963,0.357,0.324,0.147,0.344,0.167
964,0.337,0.325,0.148,0.332,0.165
965,0.345,0.333,0.151,0.343,0.171
966,0.349,0.331,0.149,0.343,0.168
967,0.351,0.33,0.15,0.341,0.163
968,0.346,0.327,0.148,0.344,0.166
969,0.372,0.338,0.153,0.343,0.169
970,0.349,0.314,0.143,0.347,0.164
971,0.356,0.342,0.154,0.335,0.168
972,0.343,0.336,0.152,0.334,0.166
973,0.356,0.339,0.154,0.342,0.171
974,0.344,0.34,0.154,0.339,0.17
975,0.362,0.338,0.151,0.349,0.173
976,0.338,0.334,0.15,0.341,0.167
977,0.359,0.327,0.149,0.343,0.166
978,0.369,0.325,0.148,0.344,0.169
979,0.337,0.339,0.153,0.346,0.171
980,0.343,0.325,0.148,0.336,0.163
981,0.344,0.328,0.152,0.347,0.169
982,0.358,0.326,0.148,0.344,0.17
983,0.364,0.339,0.155,0.343,0.174
984,0.351,0.325,0.147,0.342,0.164
985,0.332,0.326,0.147,0.333,0.161
986,0.337,0.343,0.154,0.346,0.172
987,0.342,0.319,0.143,0.339,0.165
988,0.366,0.339,0.152,0.335,0.165
989,0.349,0.339,0.154,0.347,0.171
990,0.35,0.319,0.146,0.341,0.163
991,0.355,0.319,0.146,0.347,0.166
992,0.35,0.357,0.156,0.334,0.167
993,0.333,0.319,0.146,0.34,0.164
994,0.35,0.331,0.149,0.338,0.161
995,0.35,0.337,0.152,0.339,0.169
996,0.352,0.339,0.152,0.333,0.166
997,0.336,0.325,0.146,0.342,0.165
998,0.342,0.344,0.157,0.335,0.167
999,0.357,0.328,0.147,0.338,0.164